*Reference,*Manufacturer Part number,*QTY,*Original,Description,Purchase Link
"CN1","B2B-XH-A(LF)(SN)","1","","1x2P 2P XH Tin 2 -25℃~+85℃ 3A 1 2.5mm Brass Direct Insert Plugin,P=2.5mm Wire To Board Connector ROHS 
B2B-XH-A(LF)(SN)
CONN-TH_B2B-XH-A-LF-SN
LCSC Part Number: C158012
JLCPCB Part Class: Extended Part
Manufactured by JST ",""
"CN2","B4B-XH-A(LF)(SN)","1","","1x4P 4P XH Tin 4 -25℃~+85℃ 3A 1 2.5mm Brass Direct Insert Plugin,P=2.5mm Wire To Board Connector ROHS 
B4B-XH-A(LF)(SN)
CONN-TH_B4B-XH-A-LF-SN
LCSC Part Number: C144395
JLCPCB Part Class: Extended Part
Manufactured by JST ",""
"Q4, Q5, Q6","MMBT3904LT1G","3","","Bipolar (BJT) Transistor NPN 40V 200 mA 300MHz 300 mW Surface Mount SOT-23-3 (TO-236) 

The MMBT3904LT1G is a general-purpose NPN bipolar junction transistor designed for switching and amplification applications. It is housed in a compact SOT-23 surface-mount package, making it suitable for high-density PCB designs. This transistor is widely used in low-power signal processing, digital switching, and analog amplification circuits due to its reliable performance and fast switching characteristics.

Key Features
General-purpose NPN transistor
Compact SOT-23 surface-mount package
Fast switching speed
Low saturation voltage
Suitable for low-current and low-power applications
High reliability and stability
Pb-free, Halogen-free, and RoHS compliant
Electrical Characteristics (Typical @ 25°C unless otherwise specified)
Collector-Emitter Voltage (VCEO): 40 V
Collector-Base Voltage (VCBO): 60 V
Emitter-Base Voltage (VEBO): 6 V
Collector Current (IC): 200 mA (max)
DC Current Gain (hFE): 100 – 300
Collector-Emitter Saturation Voltage (VCE(sat)): 0.2 V (typ)
Transition Frequency (fT): ~300 MHz
Absolute Maximum Ratings
Collector Current (Continuous): 200 mA
Power Dissipation: ~225 mW
Junction Temperature: +150°C (max)
Operating Temperature Range: -55°C to +150°C
Storage Temperature Range: -55°C to +150°C
Mechanical Characteristics
Package Type: SOT-23 (TO-236AB)
Mounting Type: Surface Mount
Number of Pins: 3
Marking Code: Dependent on lot/manufacturer marking
Applications
General-purpose switching circuits
Signal amplification
Digital logic interfacing
LED drivers and small load switching
Audio and RF signal processing

#CommonPartsLibrary #TransistorBJT #MMBT2222",""
"R1, R2, R3, R4","1206","4","","A generic fixed resistor ideal for rapid circuit topology development. Its footprint automatically adapts based on the selected package case code—supporting 0402, 0603, 0805, 1203, and many other standard SMD packages, as well as axial horizontal and vertical configurations.

Save precious design time by seamlessly add more information to this part (value, footprint, etc.) as it becomes available.

Standard resistor values:
1.0 ohm, 10 ohm, 100 ohm, 1.0k ohm, 10k ohm, 100k ohm, 1.0M ohm
1.1 ohm, 11 ohm, 110 ohm, 1.1k ohm, 11k ohm, 110k ohm, 1.1M ohm
1.2 ohm, 12 ohm, 120 ohm, 1.2k ohm, 12k ohm, 120k ohm, 1.2M ohm
1.3 ohm, 13 ohm, 130 ohm, 1.3k ohm, 13k ohm, 130k ohm, 1.3M ohm
1.5 ohm, 15 ohm, 150 ohm, 1.5k ohm, 15k ohm, 150k ohm, 1.5M ohm
1.6 ohm, 16 ohm, 160 ohm, 1.6k ohm, 16k ohm, 160k ohm, 1.6M ohm
1.8 ohm, 18 ohm, 180 ohm, 1.8K ohm, 18k ohm, 180k ohm, 1.8M ohm
2.0 ohm, 20 ohm, 200 ohm, 2.0k ohm, 20k ohm, 200k ohm, 2.0M ohm
2.2 ohm, 22 ohm, 220 ohm, 2.2k ohm, 22k ohm, 220k ohm, 2.2M ohm
2.4 ohm, 24 ohm, 240 ohm, 2.4k ohm, 24k ohm, 240k ohm, 2.4M ohm
2.7 ohm, 27 ohm, 270 ohm, 2.7k ohm, 27k ohm, 270k ohm, 2.7M ohm
3.0 ohm, 30 ohm, 300 ohm, 3.0K ohm, 30K ohm, 300K ohm, 3.0M ohm
3.3 ohm, 33 ohm, 330 ohm, 3.3k ohm, 33k ohm, 330k ohm, 3.3M ohm
3.6 ohm, 36 ohm, 360 ohm, 3.6k ohm, 36k ohm, 360k ohm, 3.6M ohm
3.9 ohm, 39 ohm, 390 ohm, 3.9k ohm, 39k ohm, 390k ohm, 3.9M ohm
4.3 ohm, 43 ohm, 430 ohm, 4.3k ohm, 43K ohm, 430K ohm, 4.3M ohm
4.7 ohm, 47 ohm, 470 ohm, 4.7k ohm, 47k ohm, 470k ohm, 4.7M ohm
5.1 ohm, 51 ohm, 510 ohm, 5.1k ohm, 51k ohm, 510k ohm, 5.1M ohm
5.6 ohm, 56 ohm, 560 ohm, 5.6k ohm, 56k ohm, 560k ohm, 5.6M ohm
6.2 ohm, 62 ohm, 620 ohm, 6.2k ohm, 62K ohm, 620K ohm, 6.2M ohm
6.8 ohm, 68 ohm, 680 ohm, 6.8k ohm, 68k ohm, 680k ohm, 6.8M ohm
7.5 ohm, 75 ohm, 750 ohm, 7.5k ohm, 75k ohm, 750k ohm, 7.5M ohm
8.2 ohm, 82 ohm, 820 ohm, 8.2k ohm, 82k ohm, 820k ohm, 8.2M ohm
9.1 ohm, 91 ohm, 910 ohm, 9.1k ohm, 91k ohm, 910k ohm, 9.1M ohm

#generics #CommonPartsLibrary",""
"U2","ABX00083","1","","ESP32-S3 Arduino Nano ESP32-S Xtensa® MPU Embedded Evaluation Board #commonpartslibrary
#esp32
#evaluationboard",""
